municipality,canton
שעב,0
משהד,0
ריינה,0
ג'דיידה-מכר,0
יפיע,0
אעבלין,0
כאבול,0
טורעאן,0
כאוכב אבו אל-היג'א,0
מעיליא,0
שפרעם,0
"בסמ""ה",0
כפר קרע,0
טמרה,0
מזרעה,0
בוסתאן אל-מרג',0
כפר כנא,0
עין מאהל,0
נצרת,0
ג'ת,0
אכסאל,0
טייבה,0
בענה,0
ערערה,0
מעלה עירון,0
עילוט,0
זמר,0
ג'סר א-זרקא,0
פוריידיס,0
כפר מנדא,0
כפר יאסיף,0
דיר חנא,0
טירה,0
נחף,0
מג'ד אל-כרום,0
דבוריה,0
אום אל-פחם,0
באקה אל גרבייה,0
קלנסווה,0
עראבה,0
סח'נין,0
דיר אל-אסד,0
אבו גוש,0
כפר סבא,1
אלעד,1
פרדסיה,1
כוכב יאיר,1
אבן יהודה,1
בני ברק,1
נתניה,1
גבעת שמואל,1
רמת גן,1
תל מונד,1
אור יהודה,1
חוף השרון,1
רמת השרון,1
כפר יונה,1
קדימה - צורן,1
קרית אונו,1
דאלית אל-כרמל,1
יהוד -מונסון,1
הרצליה,1
הוד השרון,1
לב השרון,1
עוספייא,1
רעננה,1
סביון,1
ראש העין,1
גבעתיים,1
כפר שמריהו,1
פתח תקווה,1
דרום השרון,1
עמק חפר,1
גני תקווה,1
תל אביב -יפו,1
קרית יערים,1
רכסים,1
קרית עקרון,2
ירוחם,2
חולון,2
רמלה,2
אופקים,2
יואב,2
בית ג'ן,2
בני שמעון,2
עומר,2
"בני עי""ש",2
גדרה,2
אשדוד,2
נס ציונה,2
מצפה רמון,2
רמת נגב,2
שהם,2
שער הנגב,2
אזור,2
יבנה,2
באר שבע,2
דימונה,2
קרית גת,2
קרית מלאכי,2
מרחבים,2
שדרות,2
גדרות,2
להבים,2
בת ים,2
לוד,2
נחל שורק,2
תמר,2
שדות נגב,2
ראשון לציון,2
הערבה התיכונה,2
נתיבות,2
גן יבנה,2
מודיעין-מכבים-רעות,2
חבל יבנה,2
חבל אילות,2
מטה יהודה,2
שפיר,2
אשכול,2
ערד,2
גן רוה,2
מזכרת בתיה,2
מיתר,2
ברנר,2
באר יעקב,2
רחובות,2
גזר,2
באר טוביה,2
חבל מודיעין,2
לכיש,2
בית שמש,2
מבשרת ציון,2
בית דגן,2
אשקלון,2
אילת,2
ירושלים,2
חוף אשקלון,2
לקיה,3
שגב שלום,3
כפר קאסם,3
רהט,3
חורה,3
ערערה בנגב,3
תל שבע,3
בועיינה-נוג'ידאת,3
ג'לג'וליה,3
אל קסום,3
ביר אל-מכסור,3
כפר ברא,3
אל-בטוף,3
בסמת טבעון,3
נווה מדבר,3
כסייפה,3
קרית טבעון,4
ראמה,4
סאג'ור,4
טובא-זנגריה,4
ע'ג'ר,4
מעלה יוסף,4
טבריה,4
פסוטה,4
יאנוח - ג'ת,4
חיפה,4
עילבון,4
יקנעם עילית,4
חדרה,4
אלונה,4
נשר,4
הגלבוע,4
פקיעין (בוקייעה),4
עכו,4
רמת ישי,4
עין קיניה,4
עמק יזרעאל,4
אליכין,4
עמק המעיינות,4
חורפיש,4
ג'וליס,4
פרדס חנה - כרכור,4
זבולון,4
מנשה,4
הגליל העליון,4
כפר כמא,4
מגידו,4
קרית אתא,4
מגדל העמק,4
עפולה,4
מרום הגליל,4
משגב,4
צפת,4
קצרין,4
כפר תבור,4
אור עקיבא,4
מטה אשר,4
הגליל התחתון,4
שלומי,4
כרמיאל,4
מסעדה,4
קרית שמונה,4
קרית ביאליק,4
גולן,4
מבואות החרמון,4
אבו סנאן,4
בית שאן,4
מטולה,4
בוקעאתא,4
עמק הירדן,4
גוש חלב (ג'יש),4
חריש,4
כעביה - טבאש - חג'אג'רה,4
קרית מוצקין,4
יסוד המעלה,4
חצור הגלילית,4
מג'אר,4
קרית ים,4
כפר ורדים,4
זכרון יעקב,4
מג'דל שמס,4
יבנאל,4
ירכא,4
בנימינה - גבעת עדה,4
טירת כרמל,4
מעלות-תרשיחא,4
חוף הכרמל,4
נהריה,4
מגדל,4
ראש פינה,4
זרזיר,4
כסרא - סמיע,4
